{
"lengthUnit": "mil",
"components": {
	"fields": ["COMPONENT_NO", "COMPONENT_NAME", "LAYER", "X_COORDINATE", "Y_COORDINATE", "ANGLE"],
	"rows": [
		[1, "BUZZER4", "T", 1270, -2880, 0],
		[2, "C3", "T", 2160, -2575, 270],
		[3, "C4", "T", 2215, -2440, 180],
		[4, "C5", "T", 2340, -2440, 0],
		[5, "C9", "T", 2040, -2575, 90],
		[6, "C10", "T", 1640, -3035, 90],
		[7, "C11", "T", 2095, -2575, 90],
		[8, "C12", "T", 2070, -3045, 0],
		[9, "C14", "T", 1820, -2350, 90],
		[10, "C15", "T", 1880, -2350, 90],
		[11, "C20", "T", 1585, -2345, 90],
		[12, "C24", "T", 1915, -2575, 270],
		[13, "C25", "T", 1700, -2495, 180],
		[14, "C26", "T", 1140, -2265, 180],
		[15, "C27", "T", 2210, -3050, 180],
		[16, "CN1", "T", 2035, -2235, 180],
		[17, "CN2", "T", 2310, -2240, 180],
		[18, "CN3", "T", 2325, -2800, 90],
		[19, "CN5", "T", 1345, -2230, 180],
		[20, "CN6", "T", 1345, -2445, 180],
		[21, "D4", "T", 1325, -2595, 0],
		[22, "L1", "T", 1730, -2190, 0],
		[23, "L2", "T", 1985, -2575, 270],
		[24, "LED3", "T", 1140, -2145, 180],
		[25, "LED4", "T", 2055, -2410, 0],
		[26, "Q10", "T", 1475, -2580, 0],
		[27, "R2", "T", 1600, -2580, 180],
		[28, "R3", "T", 2400, -2560, 90],
		[29, "R4", "T", 2055, -2470, 180],
		[30, "R9", "T", 1849.19, -2446.7, 0],
		[31, "R10", "T", 1818.51, -2497.34, 180],
		[32, "R11", "T", 1520, -2345, 90],
		[33, "R12", "T", 1550, -2430, 180],
		[34, "R13", "T", 1580, -2495, 180],
		[35, "R14", "T", 1135, -2455, 180],
		[36, "R15", "T", 1140, -2205, 180],
		[37, "U1", "T", 2060, -2845, 180],
		[38, "U3", "T", 1765, -2890, 90],
		[39, "U10", "T", 1700, -2374.99, 270],
		[40, "U11", "T", 1135, -2360, 90],
		[41, "USB1", "T", 935, -2310, 270],
		[42, "X1", "T", 2280, -2545, 0]
	]
},
"pins": {
	"fields": ["PIN_NO", "PIN_NAME", "PIN_X", "PIN_Y", "LAYER", "PIN_TYPE", "NET_NAME", "NET_TYPE", "PAD_SHAPE", "PAD_SIZEX", "PAD_SIZEY", "HOLE_SIZE", "PAD_ANGLE"],
	"rows": [
		[1, "BUZZER4_1", 1053.46, -2880, "T", "SMD", "BT+", "", "R", 118.11, 177.16, 0, 0],
		[2, "BUZZER4_2", 1486.54, -2880, "T", "SMD", "$1N1282", "", "R", 118.11, 177.16, 0, 0],
		[3, "C3_1", 2160, -2547.44, "T", "SMD", "GND", "GND", "R", 31.5, 35.43, 0, 270],
		[4, "C3_2", 2160, -2602.56, "T", "SMD", "$1N1340", "", "R", 31.5, 35.43, 0, 270],
		[5, "C4_1", 2242.56, -2440, "T", "SMD", "GND", "GND", "R", 31.5, 35.43, 0, 180],
		[6, "C4_2", 2187.44, -2440, "T", "SMD", "$1N1324", "", "R", 31.5, 35.43, 0, 180],
		[7, "C5_1", 2312.44, -2440, "T", "SMD", "GND", "GND", "R", 31.5, 35.43, 0, 0],
		[8, "C5_2", 2367.56, -2440, "T", "SMD", "$1N1323", "", "R", 31.5, 35.43, 0, 0],
		[9, "C9_1", 2040, -2602.56, "T", "SMD", "$1N1260", "", "R", 31.5, 35.43, 0, 90],
		[10, "C9_2", 2040, -2547.44, "T", "SMD", "GND", "GND", "R", 31.5, 35.43, 0, 90],
		[11, "C10_1", 1640, -3062.56, "T", "SMD", "GND", "GND", "R", 31.5, 35.43, 0, 90],
		[12, "C10_2", 1640, -3007.44, "T", "SMD", "+3.3V", "", "R", 31.5, 35.43, 0, 90],
		[13, "C11_1", 2095, -2602.56, "T", "SMD", "$1N1260", "", "R", 31.5, 35.43, 0, 90],
		[14, "C11_2", 2095, -2547.44, "T", "SMD", "GND", "GND", "R", 31.5, 35.43, 0, 90],
		[15, "C12_1", 2042.44, -3045, "T", "SMD", "GND", "GND", "R", 31.5, 35.43, 0, 0],
		[16, "C12_2", 2097.56, -3045, "T", "SMD", "+3.3V", "", "R", 31.5, 35.43, 0, 0],
		[17, "C14_1", 1820, -2377.56, "T", "SMD", "GND", "GND", "R", 31.5, 35.43, 0, 90],
		[18, "C14_2", 1820, -2322.44, "T", "SMD", "+3.3V", "", "R", 31.5, 35.43, 0, 90],
		[19, "C15_1", 1880, -2377.56, "T", "SMD", "GND", "GND", "R", 31.5, 35.43, 0, 90],
		[20, "C15_2", 1880, -2322.44, "T", "SMD", "+3.3V", "", "R", 31.5, 35.43, 0, 90],
		[21, "C20_1", 1585, -2372.56, "T", "SMD", "GND", "GND", "R", 31.5, 35.43, 0, 90],
		[22, "C20_2", 1585, -2317.44, "T", "SMD", "BT+", "", "R", 31.5, 35.43, 0, 90],
		[23, "C24_1", 1915, -2547.44, "T", "SMD", "GND", "GND", "R", 31.5, 35.43, 0, 270],
		[24, "C24_2", 1915, -2602.56, "T", "SMD", "ADC1", "", "R", 31.5, 35.43, 0, 270],
		[25, "C25_1", 1727.56, -2495, "T", "SMD", "GND", "GND", "R", 31.5, 35.43, 0, 180],
		[26, "C25_2", 1672.44, -2495, "T", "SMD", "$1N2971", "", "R", 31.5, 35.43, 0, 180],
		[27, "C26_1", 1167.56, -2265, "T", "SMD", "GND", "GND", "R", 31.5, 35.43, 0, 180],
		[28, "C26_2", 1112.44, -2265, "T", "SMD", "$1N3227", "", "R", 31.5, 35.43, 0, 180],
		[29, "C27_1", 2237.56, -3050, "T", "SMD", "GND", "GND", "R", 31.5, 35.43, 0, 180],
		[30, "C27_2", 2182.44, -3050, "T", "SMD", "+3.3V", "", "R", 31.5, 35.43, 0, 180],
		[31, "CN1_1", 2059.61, -2300.94, "T", "SMD", "KEY1", "", "R", 23.62, 66.93, 0, 0],
		[32, "CN1_2", 2010.38, -2300.94, "T", "SMD", "GND", "GND", "R", 23.62, 66.93, 0, 0],
		[33, "CN1_3", 1937.55, -2169.06, "T", "SMD", "CN1_3", "", "R", 39.37, 110.24, 0, 0],
		[34, "CN1_4", 2132.45, -2169.06, "T", "SMD", "CN1_4", "", "R", 39.37, 110.24, 0, 0],
		[35, "CN2_1", 2334.61, -2305.95, "T", "SMD", "KEY2", "", "R", 23.62, 66.93, 0, 360],
		[36, "CN2_2", 2285.39, -2305.95, "T", "SMD", "GND", "GND", "R", 23.62, 66.93, 0, 360],
		[37, "CN2_3", 2212.56, -2174.05, "T", "SMD", "CN2_3", "", "R", 39.37, 110.24, 0, 360],
		[38, "CN2_4", 2407.45, -2174.06, "T", "SMD", "CN2_4", "", "R", 39.37, 110.24, 0, 360],
		[39, "CN3_1", 2256.1, -2873.82, "T", "SMD", "SWCLK", "", "R", 27.56, 70.87, 0, 90],
		[40, "CN3_2", 2256.1, -2824.61, "T", "SMD", "SWDIO", "", "R", 27.56, 70.87, 0, 90],
		[41, "CN3_3", 2256.1, -2775.39, "T", "SMD", "GND", "GND", "R", 27.56, 70.87, 0, 90],
		[42, "CN3_4", 2256.1, -2726.18, "T", "SMD", "+3.3V", "", "R", 27.56, 70.87, 0, 90],
		[43, "CN3_5", 2393.9, -2654.13, "T", "SMD", "GND", "GND", "R", 39.37, 106.3, 0, 270],
		[44, "CN3_6", 2393.9, -2945.87, "T", "SMD", "GND", "GND", "R", 39.37, 106.3, 0, 90],
		[45, "CN5_1", 1369.61, -2295.95, "T", "SMD", "BT+", "", "R", 23.62, 66.93, 0, 0],
		[46, "CN5_2", 1320.38, -2295.95, "T", "SMD", "$1N2391", "", "R", 23.62, 66.93, 0, 0],
		[47, "CN5_3", 1247.56, -2164.05, "T", "SMD", "GND", "GND", "R", 39.37, 110.24, 0, 0],
		[48, "CN5_4", 1442.45, -2164.05, "T", "SMD", "GND", "GND", "R", 39.37, 110.24, 0, 0],
		[49, "CN6_1", 1369.61, -2510.95, "T", "SMD", "$1N2391", "", "R", 23.62, 66.93, 0, 0],
		[50, "CN6_2", 1320.38, -2510.95, "T", "SMD", "GND", "GND", "R", 23.62, 66.93, 0, 0],
		[51, "CN6_3", 1247.56, -2379.05, "T", "SMD", "GND", "GND", "R", 39.37, 110.24, 0, 0],
		[52, "CN6_4", 1442.45, -2379.05, "T", "SMD", "GND", "GND", "R", 39.37, 110.24, 0, 0],
		[53, "D4_1", 1278.84, -2595, "T", "SMD", "BT+", "", "R", 39.37, 29.53, 0, 0],
		[54, "D4_2", 1371.16, -2595, "T", "SMD", "$1N1282", "", "R", 39.37, 29.53, 0, 0],
		[55, "L1_1", 1670.9, -2190, "T", "SMD", "$1N2047", "", "R", 63, 153.5, 0, 0],
		[56, "L1_2", 1789.1, -2190, "T", "SMD", "$1N2048", "", "R", 63, 153.5, 0, 0],
		[57, "L2_1", 1985, -2547.44, "T", "SMD", "+3.3V", "", "R", 31.5, 34.02, 0, 90],
		[58, "L2_2", 1985, -2602.55, "T", "SMD", "$1N1260", "", "R", 31.5, 34.02, 0, 90],
		[59, "LED3_1", 1171.47, -2144.87, "T", "SMD", "$1N4706", "", "R", 31.5, 31.5, 0, 270],
		[60, "LED3_2", 1108.53, -2145.14, "T", "SMD", "$1N4641", "", "R", 31.5, 31.5, 0, 270],
		[61, "LED4_1", 2023.52, -2410.13, "T", "SMD", "GND", "GND", "R", 31.5, 31.5, 0, 90],
		[62, "LED4_2", 2086.47, -2409.86, "T", "SMD", "$1N6003", "", "R", 31.5, 31.5, 0, 90],
		[63, "Q10_1", 1514.37, -2617.4, "T", "SMD", "$1N1281", "", "R", 49.21, 27.56, 0, 360],
		[64, "Q10_2", 1514.37, -2542.6, "T", "SMD", "GND", "GND", "R", 49.21, 27.56, 0, 360],
		[65, "Q10_3", 1435.63, -2580, "T", "SMD", "$1N1282", "", "R", 49.21, 27.56, 0, 360],
		[66, "R2_1", 1629.66, -2580, "T", "SMD", "BUZZER", "", "R", 31.75, 34.02, 0, 180],
		[67, "R2_2", 1570.34, -2580, "T", "SMD", "$1N1281", "", "R", 31.75, 34.02, 0, 180],
		[68, "R3_1", 2400, -2589.66, "T", "SMD", "$1N1345", "", "R", 31.75, 34.02, 0, 90],
		[69, "R3_2", 2400, -2530.34, "T", "SMD", "GND", "GND", "R", 31.75, 34.02, 0, 90],
		[70, "R4_1", 2084.66, -2470, "T", "SMD", "$1N6003", "", "R", 31.75, 34.02, 0, 180],
		[71, "R4_2", 2025.34, -2470, "T", "SMD", "LED1", "", "R", 31.75, 34.02, 0, 180],
		[72, "R9_1", 1819.53, -2446.7, "T", "SMD", "$1N2057", "", "R", 31.75, 34.02, 0, 0],
		[73, "R9_2", 1878.85, -2446.7, "T", "SMD", "+3.3V", "", "R", 31.75, 34.02, 0, 0],
		[74, "R10_1", 1848.17, -2497.34, "T", "SMD", "GND", "GND", "R", 31.75, 34.02, 0, 180],
		[75, "R10_2", 1788.85, -2497.34, "T", "SMD", "$1N2057", "", "R", 31.75, 34.02, 0, 180],
		[76, "R11_1", 1520, -2374.66, "T", "SMD", "ADC1", "", "R", 31.75, 34.02, 0, 90],
		[77, "R11_2", 1520, -2315.34, "T", "SMD", "BT+", "", "R", 31.75, 34.02, 0, 90],
		[78, "R12_1", 1579.66, -2430, "T", "SMD", "GND", "GND", "R", 31.75, 34.02, 0, 180],
		[79, "R12_2", 1520.34, -2430, "T", "SMD", "ADC1", "", "R", 31.75, 34.02, 0, 180],
		[80, "R13_1", 1609.66, -2495, "T", "SMD", "$1N2971", "", "R", 31.75, 34.02, 0, 180],
		[81, "R13_2", 1550.34, -2495, "T", "SMD", "BT+", "", "R", 31.75, 34.02, 0, 180],
		[82, "R14_1", 1164.66, -2455, "T", "SMD", "GND", "GND", "R", 31.75, 34.02, 0, 180],
		[83, "R14_2", 1105.34, -2455, "T", "SMD", "$1N4478", "", "R", 31.75, 34.02, 0, 180],
		[84, "R15_1", 1169.66, -2205, "T", "SMD", "$1N4641", "", "R", 31.75, 34.02, 0, 180],
		[85, "R15_2", 1110.34, -2205, "T", "SMD", "$1N3227", "", "R", 31.75, 34.02, 0, 180],
		[86, "U1_1", 2175.16, -2731.97, "T", "SMD", "$1N1345", "", "O", 14.33, 68.58, 0, 180],
		[87, "U1_2", 2149.57, -2731.97, "T", "SMD", "$1N1323", "", "O", 14.33, 68.58, 0, 180],
		[88, "U1_3", 2123.98, -2731.97, "T", "SMD", "$1N1324", "", "O", 14.33, 68.58, 0, 180],
		[89, "U1_4", 2098.39, -2731.97, "T", "SMD", "$1N1340", "", "O", 14.33, 68.58, 0, 180],
		[90, "U1_5", 2072.79, -2731.97, "T", "SMD", "$1N1260", "", "O", 14.33, 68.58, 0, 180],
		[91, "U1_6", 2047.2, -2731.97, "T", "SMD", "SI24_IRQ", "", "O", 14.33, 68.58, 0, 180],
		[92, "U1_7", 2021.61, -2731.97, "T", "SMD", "KEY1", "", "O", 14.33, 68.58, 0, 180],
		[93, "U1_8", 1996.02, -2731.97, "T", "SMD", "ADC1", "", "O", 14.33, 68.58, 0, 180],
		[94, "U1_9", 1970.43, -2731.97, "T", "SMD", "LED1", "", "O", 14.33, 68.58, 0, 180],
		[95, "U1_10", 1944.84, -2731.97, "T", "SMD", "SPI0_NSS", "", "O", 14.33, 68.58, 0, 180],
		[96, "U1_11", 1944.84, -2958.03, "T", "SMD", "SPI0_SCK", "", "O", 14.33, 68.58, 0, 180],
		[97, "U1_12", 1970.43, -2958.03, "T", "SMD", "SPI0_MISO", "", "O", 14.33, 68.58, 0, 180],
		[98, "U1_13", 1996.02, -2958.03, "T", "SMD", "SPI0_MOSI", "", "O", 14.33, 68.58, 0, 180],
		[99, "U1_14", 2021.61, -2958.03, "T", "SMD", "SI24_CE", "", "O", 14.33, 68.58, 0, 180],
		[100, "U1_15", 2047.2, -2958.03, "T", "SMD", "GND", "GND", "O", 14.33, 68.58, 0, 180],
		[101, "U1_16", 2072.79, -2958.03, "T", "SMD", "+3.3V", "", "O", 14.33, 68.58, 0, 180],
		[102, "U1_17", 2098.39, -2958.03, "T", "SMD", "BUZZER", "", "O", 14.33, 68.58, 0, 180],
		[103, "U1_18", 2123.98, -2958.03, "T", "SMD", "KEY2", "", "O", 14.33, 68.58, 0, 180],
		[104, "U1_19", 2149.57, -2958.03, "T", "SMD", "SWDIO", "", "O", 14.33, 68.58, 0, 180],
		[105, "U1_20", 2175.16, -2958.03, "T", "SMD", "SWCLK", "", "O", 14.33, 68.58, 0, 180],
		[106, "U3_1", 1715, -3040, "T", "DIP", "+3.3V", "", "R", 78.74, 78.74, 47.24, 90],
		[107, "U3_1", 1715, -3040, "B", "DIP", "+3.3V", "", "R", 78.74, 78.74, 47.24, 90],
		[108, "U3_2", 1815, -3040, "T", "DIP", "GND", "GND", "C", 78.74, 78.74, 47.24, 90],
		[109, "U3_2", 1815, -3040, "B", "DIP", "GND", "GND", "C", 78.74, 78.74, 47.24, 90],
		[110, "U3_3", 1715, -2940, "T", "DIP", "SPI0_NSS", "", "C", 78.74, 78.74, 47.24, 90],
		[111, "U3_3", 1715, -2940, "B", "DIP", "SPI0_NSS", "", "C", 78.74, 78.74, 47.24, 90],
		[112, "U3_4", 1815, -2940, "T", "DIP", "SI24_CE", "", "C", 78.74, 78.74, 47.24, 90],
		[113, "U3_4", 1815, -2940, "B", "DIP", "SI24_CE", "", "C", 78.74, 78.74, 47.24, 90],
		[114, "U3_5", 1715, -2840, "T", "DIP", "SPI0_MOSI", "", "C", 78.74, 78.74, 47.24, 90],
		[115, "U3_5", 1715, -2840, "B", "DIP", "SPI0_MOSI", "", "C", 78.74, 78.74, 47.24, 90],
		[116, "U3_6", 1815, -2840, "T", "DIP", "SPI0_SCK", "", "C", 78.74, 78.74, 47.24, 90],
		[117, "U3_6", 1815, -2840, "B", "DIP", "SPI0_SCK", "", "C", 78.74, 78.74, 47.24, 90],
		[118, "U3_7", 1715, -2740, "T", "DIP", "SI24_IRQ", "", "C", 78.74, 78.74, 47.24, 90],
		[119, "U3_7", 1715, -2740, "B", "DIP", "SI24_IRQ", "", "C", 78.74, 78.74, 47.24, 90],
		[120, "U3_8", 1815, -2740, "T", "DIP", "SPI0_MISO", "", "C", 78.74, 78.74, 47.24, 90],
		[121, "U3_8", 1815, -2740, "B", "DIP", "SPI0_MISO", "", "C", 78.74, 78.74, 47.24, 90],
		[122, "U10_1", 1739.37, -2316.93, "T", "SMD", "+3.3V", "", "R", 11.02, 33.47, 0, 180],
		[123, "U10_2", 1719.7, -2316.93, "T", "SMD", "$1N2048", "", "R", 11.02, 33.47, 0, 180],
		[124, "U10_3", 1700, -2316.93, "T", "SMD", "GND", "GND", "R", 11.02, 33.47, 0, 180],
		[125, "U10_4", 1680.3, -2316.93, "T", "SMD", "$1N2047", "", "R", 11.02, 33.47, 0, 0],
		[126, "U10_5", 1660.63, -2316.93, "T", "SMD", "BT+", "", "R", 11.02, 33.47, 0, 0],
		[127, "U10_6", 1660.63, -2433.07, "T", "SMD", "$1N2971", "", "R", 11.02, 33.47, 0, 0],
		[128, "U10_7", 1680.32, -2433.07, "T", "SMD", "GND", "GND", "R", 11.02, 33.47, 0, 0],
		[129, "U10_8", 1700, -2433.07, "T", "SMD", "$1N2971", "", "R", 11.02, 33.47, 0, 0],
		[130, "U10_9", 1719.7, -2433.07, "T", "SMD", "GND", "GND", "R", 11.02, 33.47, 0, 0],
		[131, "U10_10", 1739.37, -2433.07, "T", "SMD", "$1N2057", "", "R", 11.02, 33.47, 0, 0],
		[132, "U10_11", 1700, -2375, "T", "SMD", "GND", "GND", "P", 149.6, 65, 0, 270],
		[133, "U11_1", 1178.31, -2397.4, "T", "SMD", "$1N4706", "", "R", 23.62, 39.37, 0, 90],
		[134, "U11_2", 1178.31, -2360, "T", "SMD", "GND", "GND", "R", 23.62, 39.37, 0, 90],
		[135, "U11_3", 1178.31, -2322.6, "T", "SMD", "BT+", "", "R", 23.62, 39.37, 0, 90],
		[136, "U11_4", 1091.69, -2322.6, "T", "SMD", "$1N3227", "", "R", 23.62, 39.37, 0, 90],
		[137, "U11_5", 1091.69, -2397.4, "T", "SMD", "$1N4478", "", "R", 23.62, 39.37, 0, 90],
		[138, "USB1_7", 855.28, -2480.07, "T", "DIP", "GND", "GND", "O", 43.31, 66.93, 47.24, 270],
		[139, "USB1_7", 855.28, -2480.07, "B", "DIP", "GND", "GND", "O", 43.31, 66.93, 47.24, 270],
		[140, "USB1_7", 855.28, -2139.93, "T", "DIP", "GND", "GND", "O", 43.31, 66.93, 47.24, 270],
		[141, "USB1_7", 855.28, -2139.93, "B", "DIP", "GND", "GND", "O", 43.31, 66.93, 47.24, 270],
		[142, "USB1_7", 1004.89, -2480.07, "T", "DIP", "GND", "GND", "O", 43.31, 66.93, 47.24, 270],
		[143, "USB1_7", 1004.89, -2480.07, "B", "DIP", "GND", "GND", "O", 43.31, 66.93, 47.24, 270],
		[144, "USB1_7", 1004.88, -2139.93, "T", "DIP", "GND", "GND", "O", 43.31, 66.93, 47.24, 270],
		[145, "USB1_7", 1004.88, -2139.93, "B", "DIP", "GND", "GND", "O", 43.31, 66.93, 47.24, 270],
		[146, "USB1_A12", 1014.72, -2416.3, "T", "SMD", "GND", "GND", "R", 31.5, 47.24, 0, 270],
		[147, "USB1_A5", 1014.72, -2290.32, "T", "SMD", "USB1_A5", "", "R", 27.56, 47.24, 0, 270],
		[148, "USB1_A9", 1014.72, -2369.05, "T", "SMD", "$1N3227", "", "R", 27.56, 47.24, 0, 270],
		[149, "USB1_B12", 1014.72, -2203.7, "T", "SMD", "GND", "GND", "R", 31.5, 47.24, 0, 270],
		[150, "USB1_B5", 1014.72, -2329.68, "T", "SMD", "USB1_B5", "", "R", 27.56, 47.24, 0, 270],
		[151, "USB1_B9", 1014.72, -2250.95, "T", "SMD", "$1N3227", "", "R", 27.56, 47.24, 0, 270],
		[152, "X1_1", 2236.69, -2579.45, "T", "SMD", "$1N1324", "", "R", 55.12, 47.24, 0, 0],
		[153, "X1_2", 2323.31, -2579.45, "T", "SMD", "GND", "GND", "R", 55.12, 47.24, 0, 0],
		[154, "X1_3", 2323.31, -2510.55, "T", "SMD", "$1N1323", "", "R", 55.12, 47.24, 0, 0],
		[155, "X1_4", 2236.69, -2510.55, "T", "SMD", "GND", "GND", "R", 55.12, 47.24, 0, 0]
	]
}
}