{
"lengthUnit": "mil",
"components": {
	"fields": ["COMPONENT_NO", "COMPONENT_NAME", "LAYER", "X_COORDINATE", "Y_COORDINATE", "ANGLE"],
	"rows": [
		[1, "BUZZER4", "T", 630, -1635, 0],
		[2, "C1", "T", 1910, -410, 270],
		[3, "C2", "T", 2660, -420, 270],
		[4, "C3", "T", 1400, -1380, 270],
		[5, "C4", "T", 1448.92, -1260.03, 180],
		[6, "C5", "T", 1573.92, -1260.03, 0],
		[7, "C7", "T", 455, -1320, 270],
		[8, "C8", "T", 705, -1315, 90],
		[9, "C9", "T", 1345, -1380, 90],
		[10, "C10", "T", 950, -1785, 90],
		[11, "C11", "T", 1595, -1595, 90],
		[12, "C12", "T", 1400, -1825, 0],
		[13, "CN1", "T", 1625, -1000, 180],
		[14, "CN2", "T", 1790, -1225, 90],
		[15, "CN3", "T", 1760, -1755, 0],
		[16, "D2", "T", 3005, -715, 0],
		[17, "D3", "T", 1545, -1160, 180],
		[18, "D4", "T", 345, -1470, 90],
		[19, "K1", "T", 1145, -715, 180],
		[20, "L1", "T", 2285, -410, 0],
		[21, "LED2", "T", 1095, -1155, 270],
		[22, "Q9", "T", 1400, -1155, 180],
		[23, "Q10", "T", 915, -1345, 0],
		[24, "R1", "T", 1640, -605, 90],
		[25, "R2", "T", 1515, -1825, 0],
		[26, "R3", "T", 1655, -1365, 90],
		[27, "R4", "T", 1230, -1150, 270],
		[28, "R5", "T", 1300, -1150, 90],
		[29, "U1", "T", 1410, -1630, 180],
		[30, "U2", "T", 390, -650, 270],
		[31, "U3", "T", 1080, -1640, 90],
		[32, "U5", "T", 590, -1315, 0],
		[33, "U6", "T", 2675, -955, 180],
		[34, "U7", "T", 975, -240, 180],
		[35, "U8", "T", 1460, -215, 0],
		[36, "U9", "T", 2185, -955, 180],
		[37, "X1", "T", 1523.92, -1365.03, 0]
	]
},
"pins": {
	"fields": ["PIN_NO", "PIN_NAME", "PIN_X", "PIN_Y", "LAYER", "PIN_TYPE", "NET_NAME", "NET_TYPE", "PAD_SHAPE", "PAD_SIZEX", "PAD_SIZEY", "HOLE_SIZE", "PAD_ANGLE"],
	"rows": [
		[1, "BUZZER4_1", 413.46, -1635, "T", "SMD", "+5V", "", "R", 118.11, 177.16, 0, 0],
		[2, "BUZZER4_2", 846.54, -1635, "T", "SMD", "$1N6773", "", "R", 118.11, 177.16, 0, 0],
		[3, "C1_1", 1910, -213.15, "T", "DIP", "$1N1587", "", "C", 60, 60, 39.37, 270],
		[4, "C1_1", 1910, -213.15, "B", "DIP", "$1N1587", "", "C", 60, 60, 39.37, 270],
		[5, "C1_2", 1910, -606.85, "T", "DIP", "$1N1219", "", "C", 60, 60, 39.37, 270],
		[6, "C1_2", 1910, -606.85, "B", "DIP", "$1N1219", "", "C", 60, 60, 39.37, 270],
		[7, "C2_1", 2660, -223.15, "T", "DIP", "$1N1562", "", "C", 60, 60, 39.37, 270],
		[8, "C2_1", 2660, -223.15, "B", "DIP", "$1N1562", "", "C", 60, 60, 39.37, 270],
		[9, "C2_2", 2660, -616.85, "T", "DIP", "$1N1568", "", "C", 60, 60, 39.37, 270],
		[10, "C2_2", 2660, -616.85, "B", "DIP", "$1N1568", "", "C", 60, 60, 39.37, 270],
		[11, "C3_1", 1400, -1352.44, "T", "SMD", "GND", "GND", "R", 31.5, 35.43, 0, 270],
		[12, "C3_2", 1400, -1407.56, "T", "SMD", "$1N2210", "", "R", 31.5, 35.43, 0, 270],
		[13, "C4_1", 1476.48, -1260.03, "T", "SMD", "GND", "GND", "R", 31.5, 35.43, 0, 180],
		[14, "C4_2", 1421.36, -1260.03, "T", "SMD", "$1N2387", "", "R", 31.5, 35.43, 0, 180],
		[15, "C5_1", 1546.36, -1260.03, "T", "SMD", "GND", "GND", "R", 31.5, 35.43, 0, 0],
		[16, "C5_2", 1601.48, -1260.03, "T", "SMD", "$1N2393", "", "R", 31.5, 35.43, 0, 0],
		[17, "C7_1", 455, -1292.44, "T", "SMD", "GND", "GND", "R", 31.5, 35.43, 0, 270],
		[18, "C7_2", 455, -1347.56, "T", "SMD", "+5V", "", "R", 31.5, 35.43, 0, 270],
		[19, "C8_1", 705, -1342.56, "T", "SMD", "GND", "GND", "R", 31.5, 35.43, 0, 90],
		[20, "C8_2", 705, -1287.44, "T", "SMD", "+3.3V", "", "R", 31.5, 35.43, 0, 90],
		[21, "C9_1", 1345, -1407.56, "T", "SMD", "+3.3V", "", "R", 31.5, 35.43, 0, 90],
		[22, "C9_2", 1345, -1352.44, "T", "SMD", "GND", "GND", "R", 31.5, 35.43, 0, 90],
		[23, "C10_1", 950, -1812.56, "T", "SMD", "GND", "GND", "R", 31.5, 35.43, 0, 90],
		[24, "C10_2", 950, -1757.44, "T", "SMD", "+3.3V", "", "R", 31.5, 35.43, 0, 90],
		[25, "C11_1", 1595, -1622.56, "T", "SMD", "+3.3V", "", "R", 31.5, 35.43, 0, 90],
		[26, "C11_2", 1595, -1567.44, "T", "SMD", "GND", "GND", "R", 31.5, 35.43, 0, 90],
		[27, "C12_1", 1372.44, -1825, "T", "SMD", "GND", "GND", "R", 31.5, 35.43, 0, 0],
		[28, "C12_2", 1427.56, -1825, "T", "SMD", "+3.3V", "", "R", 31.5, 35.43, 0, 0],
		[29, "CN1_1", 1649.61, -1065.94, "T", "SMD", "KEY1", "", "R", 23.62, 66.93, 0, 0],
		[30, "CN1_2", 1600.38, -1065.94, "T", "SMD", "GND", "GND", "R", 23.62, 66.93, 0, 0],
		[31, "CN1_3", 1527.56, -934.06, "T", "SMD", "CN1_3", "", "R", 39.37, 110.24, 0, 0],
		[32, "CN1_4", 1722.44, -934.06, "T", "SMD", "CN1_4", "", "R", 39.37, 110.24, 0, 0],
		[33, "CN2_1", 1724.05, -1249.61, "T", "SMD", "KEY2", "", "R", 23.62, 66.93, 0, 270],
		[34, "CN2_2", 1724.05, -1200.38, "T", "SMD", "GND", "GND", "R", 23.62, 66.93, 0, 270],
		[35, "CN2_3", 1855.95, -1127.56, "T", "SMD", "CN2_3", "", "R", 39.37, 110.24, 0, 270],
		[36, "CN2_4", 1855.95, -1322.44, "T", "SMD", "CN2_4", "", "R", 39.37, 110.24, 0, 270],
		[37, "CN3_1", 1686.18, -1686.1, "T", "SMD", "SWCLK", "", "R", 27.56, 70.87, 0, 0],
		[38, "CN3_2", 1735.39, -1686.1, "T", "SMD", "SWDIO", "", "R", 27.56, 70.87, 0, 0],
		[39, "CN3_3", 1784.61, -1686.1, "T", "SMD", "GND", "GND", "R", 27.56, 70.87, 0, 0],
		[40, "CN3_4", 1833.82, -1686.1, "T", "SMD", "+3.3V", "", "R", 27.56, 70.87, 0, 0],
		[41, "CN3_5", 1905.87, -1823.9, "T", "SMD", "GND", "GND", "R", 39.37, 106.3, 0, 180],
		[42, "CN3_6", 1614.13, -1823.9, "T", "SMD", "GND", "GND", "R", 39.37, 106.3, 0, 0],
		[43, "D2_1", 3005, -615, "T", "DIP", "$1N1562", "", "C", 98.42, 98.42, 62.99, 270],
		[44, "D2_1", 3005, -615, "B", "DIP", "$1N1562", "", "C", 98.42, 98.42, 62.99, 270],
		[45, "D2_2", 3005, -415, "T", "DIP", "$1N1813", "", "C", 98.42, 98.42, 62.99, 270],
		[46, "D2_2", 3005, -415, "B", "DIP", "$1N1813", "", "C", 98.42, 98.42, 62.99, 270],
		[47, "D2_3", 3005, -815, "T", "DIP", "$1N1568", "", "C", 98.42, 98.42, 62.99, 270],
		[48, "D2_3", 3005, -815, "B", "DIP", "$1N1568", "", "C", 98.42, 98.42, 62.99, 270],
		[49, "D2_4", 3005, -1015, "T", "DIP", "$1N1820", "", "C", 98.42, 98.42, 62.99, 270],
		[50, "D2_4", 3005, -1015, "B", "DIP", "$1N1820", "", "C", 98.42, 98.42, 62.99, 270],
		[51, "D3_1", 1591.16, -1160, "T", "SMD", "+5V", "", "R", 39.37, 29.53, 0, 180],
		[52, "D3_2", 1498.84, -1160, "T", "SMD", "RELAY", "", "R", 39.37, 29.53, 0, 180],
		[53, "D4_1", 345, -1516.16, "T", "SMD", "+5V", "", "R", 39.37, 29.53, 0, 90],
		[54, "D4_2", 345, -1423.84, "T", "SMD", "$1N6773", "", "R", 39.37, 29.53, 0, 90],
		[55, "K1_1", 1345.79, -478.78, "T", "DIP", "+5V", "", "C", 110, 110, 60, 0],
		[56, "K1_1", 1345.79, -478.78, "B", "DIP", "+5V", "", "C", 110, 110, 60, 0],
		[57, "K1_2", 865.47, -478.8, "T", "DIP", "$1N7266", "", "C", 110, 110, 60, 0],
		[58, "K1_2", 865.47, -478.8, "B", "DIP", "$1N7266", "", "C", 110, 110, 60, 0],
		[59, "K1_4", 1345.79, -951.22, "T", "DIP", "RELAY", "", "C", 110, 110, 60, 0],
		[60, "K1_4", 1345.79, -951.22, "B", "DIP", "RELAY", "", "C", 110, 110, 60, 0],
		[61, "K1_5", 1424.53, -715, "T", "DIP", "$1N1625", "", "C", 110, 110, 60, 0],
		[62, "K1_5", 1424.53, -715, "B", "DIP", "$1N1625", "", "C", 110, 110, 60, 0],
		[63, "L1_1", 2422.8, -567.48, "T", "DIP", "$1N1568", "", "C", 62.99, 62.99, 39.37, 0],
		[64, "L1_1", 2422.8, -567.48, "B", "DIP", "$1N1568", "", "C", 62.99, 62.99, 39.37, 0],
		[65, "L1_2", 2147.2, -567.48, "T", "DIP", "$1N1219", "", "C", 62.99, 62.99, 39.37, 0],
		[66, "L1_2", 2147.2, -567.48, "B", "DIP", "$1N1219", "", "C", 62.99, 62.99, 39.37, 0],
		[67, "L1_3", 2147.2, -252.52, "T", "DIP", "$1N1587", "", "C", 62.99, 62.99, 39.37, 0],
		[68, "L1_3", 2147.2, -252.52, "B", "DIP", "$1N1587", "", "C", 62.99, 62.99, 39.37, 0],
		[69, "L1_4", 2422.8, -252.52, "T", "DIP", "$1N1562", "", "C", 62.99, 62.99, 39.37, 0],
		[70, "L1_4", 2422.8, -252.52, "B", "DIP", "$1N1562", "", "C", 62.99, 62.99, 39.37, 0],
		[71, "LED2_1", 1095, -1105, "T", "DIP", "$1N5543", "", "C", 60, 60, 36, 270],
		[72, "LED2_1", 1095, -1105, "B", "DIP", "$1N5543", "", "C", 60, 60, 36, 270],
		[73, "LED2_2", 1095, -1205, "T", "DIP", "GND", "GND", "C", 60, 60, 36, 270],
		[74, "LED2_2", 1095, -1205, "B", "DIP", "GND", "GND", "C", 60, 60, 36, 270],
		[75, "Q9_1", 1360.63, -1117.6, "T", "SMD", "$1N3342", "", "R", 49.21, 27.56, 0, 180],
		[76, "Q9_2", 1360.63, -1192.4, "T", "SMD", "GND", "GND", "R", 49.21, 27.56, 0, 180],
		[77, "Q9_3", 1439.37, -1155, "T", "SMD", "RELAY", "", "R", 49.21, 27.56, 0, 180],
		[78, "Q10_1", 954.37, -1382.4, "T", "SMD", "$1N5747", "", "R", 49.21, 27.56, 0, 0],
		[79, "Q10_2", 954.37, -1307.6, "T", "SMD", "GND", "GND", "R", 49.21, 27.56, 0, 0],
		[80, "Q10_3", 875.63, -1345, "T", "SMD", "$1N6773", "", "R", 49.21, 27.56, 0, 0],
		[81, "R1_1", 1531.73, -703.42, "T", "DIP", "$1N1625", "", "C", 60, 60, 36, 90],
		[82, "R1_1", 1531.73, -703.42, "B", "DIP", "$1N1625", "", "C", 60, 60, 36, 90],
		[83, "R1_2", 1748.27, -506.57, "T", "DIP", "$1N1219", "", "C", 60, 60, 36, 90],
		[84, "R1_2", 1748.27, -506.57, "B", "DIP", "$1N1219", "", "C", 60, 60, 36, 90],
		[85, "R2_1", 1485.34, -1825, "T", "SMD", "BUZZER", "", "R", 31.75, 34.02, 0, 0],
		[86, "R2_2", 1544.66, -1825, "T", "SMD", "$1N5747", "", "R", 31.75, 34.02, 0, 0],
		[87, "R3_1", 1655, -1394.66, "T", "SMD", "$1N2535", "", "R", 31.75, 34.02, 0, 90],
		[88, "R3_2", 1655, -1335.34, "T", "SMD", "GND", "GND", "R", 31.75, 34.02, 0, 90],
		[89, "R4_1", 1230, -1120.34, "T", "SMD", "$1N5543", "", "R", 31.75, 34.02, 0, 270],
		[90, "R4_2", 1230, -1179.66, "T", "SMD", "LED1", "", "R", 31.75, 34.02, 0, 270],
		[91, "R5_1", 1300, -1179.66, "T", "SMD", "RELAY_ON_H", "", "R", 31.75, 34.02, 0, 90],
		[92, "R5_2", 1300, -1120.34, "T", "SMD", "$1N3342", "", "R", 31.75, 34.02, 0, 90],
		[93, "U1_1", 1525.16, -1516.97, "T", "SMD", "$1N2535", "", "O", 14.33, 68.58, 0, 180],
		[94, "U1_2", 1499.57, -1516.97, "T", "SMD", "$1N2393", "", "O", 14.33, 68.58, 0, 180],
		[95, "U1_3", 1473.98, -1516.97, "T", "SMD", "$1N2387", "", "O", 14.33, 68.58, 0, 180],
		[96, "U1_4", 1448.39, -1516.97, "T", "SMD", "$1N2210", "", "O", 14.33, 68.58, 0, 180],
		[97, "U1_5", 1422.79, -1516.97, "T", "SMD", "+3.3V", "", "O", 14.33, 68.58, 0, 180],
		[98, "U1_6", 1397.2, -1516.97, "T", "SMD", "SI24_IRQ", "", "O", 14.33, 68.58, 0, 180],
		[99, "U1_7", 1371.61, -1516.97, "T", "SMD", "KEY1", "", "O", 14.33, 68.58, 0, 180],
		[100, "U1_8", 1346.02, -1516.97, "T", "SMD", "RELAY_ON_H", "", "O", 14.33, 68.58, 0, 180],
		[101, "U1_9", 1320.43, -1516.97, "T", "SMD", "LED1", "", "O", 14.33, 68.58, 0, 180],
		[102, "U1_10", 1294.84, -1516.97, "T", "SMD", "SPI0_NSS", "", "O", 14.33, 68.58, 0, 180],
		[103, "U1_11", 1294.84, -1743.03, "T", "SMD", "SPI0_SCK", "", "O", 14.33, 68.58, 0, 180],
		[104, "U1_12", 1320.43, -1743.03, "T", "SMD", "SPI0_MISO", "", "O", 14.33, 68.58, 0, 180],
		[105, "U1_13", 1346.02, -1743.03, "T", "SMD", "SPI0_MOSI", "", "O", 14.33, 68.58, 0, 180],
		[106, "U1_14", 1371.61, -1743.03, "T", "SMD", "SI24_CE", "", "O", 14.33, 68.58, 0, 180],
		[107, "U1_15", 1397.2, -1743.03, "T", "SMD", "GND", "GND", "O", 14.33, 68.58, 0, 180],
		[108, "U1_16", 1422.79, -1743.03, "T", "SMD", "+3.3V", "", "O", 14.33, 68.58, 0, 180],
		[109, "U1_17", 1448.39, -1743.03, "T", "SMD", "BUZZER", "", "O", 14.33, 68.58, 0, 180],
		[110, "U1_18", 1473.98, -1743.03, "T", "SMD", "KEY2", "", "O", 14.33, 68.58, 0, 180],
		[111, "U1_19", 1499.57, -1743.03, "T", "SMD", "SWDIO", "", "O", 14.33, 68.58, 0, 180],
		[112, "U1_20", 1525.16, -1743.03, "T", "SMD", "SWCLK", "", "O", 14.33, 68.58, 0, 180],
		[113, "U2_1", 390, -177.56, "T", "DIP", "$1N7266", "", "R", 78.74, 78.74, 47.24, 270],
		[114, "U2_1", 390, -177.56, "B", "DIP", "$1N7266", "", "R", 78.74, 78.74, 47.24, 270],
		[115, "U2_2", 390, -374.41, "T", "DIP", "$1N1587", "", "C", 78.74, 78.74, 47.24, 270],
		[116, "U2_2", 390, -374.41, "B", "DIP", "$1N1587", "", "C", 78.74, 78.74, 47.24, 270],
		[117, "U2_3", 390, -1024.02, "T", "DIP", "GND", "GND", "C", 78.74, 78.74, 47.24, 270],
		[118, "U2_3", 390, -1024.02, "B", "DIP", "GND", "GND", "C", 78.74, 78.74, 47.24, 270],
		[119, "U2_4", 390, -1122.44, "T", "DIP", "+5V", "", "C", 78.74, 78.74, 47.24, 270],
		[120, "U2_4", 390, -1122.44, "B", "DIP", "+5V", "", "C", 78.74, 78.74, 47.24, 270],
		[121, "U3_1", 1030, -1790, "T", "DIP", "+3.3V", "", "R", 78.74, 78.74, 47.24, 90],
		[122, "U3_1", 1030, -1790, "B", "DIP", "+3.3V", "", "R", 78.74, 78.74, 47.24, 90],
		[123, "U3_2", 1130, -1790, "T", "DIP", "GND", "GND", "C", 78.74, 78.74, 47.24, 90],
		[124, "U3_2", 1130, -1790, "B", "DIP", "GND", "GND", "C", 78.74, 78.74, 47.24, 90],
		[125, "U3_3", 1030, -1690, "T", "DIP", "SPI0_NSS", "", "C", 78.74, 78.74, 47.24, 90],
		[126, "U3_3", 1030, -1690, "B", "DIP", "SPI0_NSS", "", "C", 78.74, 78.74, 47.24, 90],
		[127, "U3_4", 1130, -1690, "T", "DIP", "SI24_CE", "", "C", 78.74, 78.74, 47.24, 90],
		[128, "U3_4", 1130, -1690, "B", "DIP", "SI24_CE", "", "C", 78.74, 78.74, 47.24, 90],
		[129, "U3_5", 1030, -1590, "T", "DIP", "SPI0_MOSI", "", "C", 78.74, 78.74, 47.24, 90],
		[130, "U3_5", 1030, -1590, "B", "DIP", "SPI0_MOSI", "", "C", 78.74, 78.74, 47.24, 90],
		[131, "U3_6", 1130, -1590, "T", "DIP", "SPI0_SCK", "", "C", 78.74, 78.74, 47.24, 90],
		[132, "U3_6", 1130, -1590, "B", "DIP", "SPI0_SCK", "", "C", 78.74, 78.74, 47.24, 90],
		[133, "U3_7", 1030, -1490, "T", "DIP", "SI24_IRQ", "", "C", 78.74, 78.74, 47.24, 90],
		[134, "U3_7", 1030, -1490, "B", "DIP", "SI24_IRQ", "", "C", 78.74, 78.74, 47.24, 90],
		[135, "U3_8", 1130, -1490, "T", "DIP", "SPI0_MISO", "", "C", 78.74, 78.74, 47.24, 90],
		[136, "U3_8", 1130, -1490, "B", "DIP", "SPI0_MISO", "", "C", 78.74, 78.74, 47.24, 90],
		[137, "U5_1", 638.63, -1352.4, "T", "SMD", "GND", "GND", "R", 42.13, 23.62, 0, 0],
		[138, "U5_2", 638.63, -1277.6, "T", "SMD", "+3.3V", "", "R", 42.13, 23.62, 0, 0],
		[139, "U5_3", 541.38, -1315, "T", "SMD", "+5V", "", "R", 42.13, 23.62, 0, 0],
		[140, "U6_1", 2830.91, -955, "T", "DIP", "$1N1820", "", "C", 110.24, 110.24, 70.87, 180],
		[141, "U6_1", 2830.91, -955, "B", "DIP", "$1N1820", "", "C", 110.24, 110.24, 70.87, 180],
		[142, "U6_2", 2519.09, -955, "T", "DIP", "$1N1813", "", "C", 110.24, 110.24, 70.87, 180],
		[143, "U6_2", 2519.09, -955, "B", "DIP", "$1N1813", "", "C", 110.24, 110.24, 70.87, 180],
		[144, "U7_1", 1130.91, -240, "T", "DIP", "$1N1587", "", "C", 110.24, 110.24, 70.87, 180],
		[145, "U7_1", 1130.91, -240, "B", "DIP", "$1N1587", "", "C", 110.24, 110.24, 70.87, 180],
		[146, "U7_2", 819.09, -240, "T", "DIP", "$1N7266", "", "C", 110.24, 110.24, 70.87, 180],
		[147, "U7_2", 819.09, -240, "B", "DIP", "$1N7266", "", "C", 110.24, 110.24, 70.87, 180],
		[148, "U8_1", 1304.09, -215, "T", "DIP", "$1N1587", "", "C", 110.24, 110.24, 70.87, 0],
		[149, "U8_1", 1304.09, -215, "B", "DIP", "$1N1587", "", "C", 110.24, 110.24, 70.87, 0],
		[150, "U8_2", 1615.91, -215, "T", "DIP", "$1N1625", "", "C", 110.24, 110.24, 70.87, 0],
		[151, "U8_2", 1615.91, -215, "B", "DIP", "$1N1625", "", "C", 110.24, 110.24, 70.87, 0],
		[152, "U9_1", 2340.91, -955, "T", "DIP", "$1N1587", "", "C", 110.24, 110.24, 70.87, 180],
		[153, "U9_1", 2340.91, -955, "B", "DIP", "$1N1587", "", "C", 110.24, 110.24, 70.87, 180],
		[154, "U9_2", 2029.09, -955, "T", "DIP", "$1N1625", "", "C", 110.24, 110.24, 70.87, 180],
		[155, "U9_2", 2029.09, -955, "B", "DIP", "$1N1625", "", "C", 110.24, 110.24, 70.87, 180],
		[156, "X1_1", 1480.61, -1399.48, "T", "SMD", "$1N2387", "", "R", 55.12, 47.24, 0, 0],
		[157, "X1_2", 1567.23, -1399.48, "T", "SMD", "GND", "GND", "R", 55.12, 47.24, 0, 0],
		[158, "X1_3", 1567.23, -1330.58, "T", "SMD", "$1N2393", "", "R", 55.12, 47.24, 0, 0],
		[159, "X1_4", 1480.61, -1330.58, "T", "SMD", "GND", "GND", "R", 55.12, 47.24, 0, 0]
	]
}
}